printer_string,printer_shortname,notes,books_on_workbench,workbench_set,export_cdt,group_ID,books_in_libraries
"""Cole, Peter (cni00032399)""",cole,,10,y,https://printprobdb.psc.edu/api/character_groupings/11271f73-15cf-4b20-87fc-f511cab4c01f/download/,11271f73-15cf-4b20-87fc-f511cab4c01f,
"""Everingham, Robert (cni00007207)""",everingham,,10,y,https://printprobdb.psc.edu/api/character_groupings/e822db51-ff8d-40db-a201-8f4b70bb522a/download/,e822db51-ff8d-40db-a201-8f4b70bb522a,
"""Gain, John (BBTI: 26651)""",jgaines,,10,y,https://printprobdb.psc.edu/api/character_groupings/ee5b4169-da28-4f0f-b2f3-6dcf8fc54ed9/download/,ee5b4169-da28-4f0f-b2f3-6dcf8fc54ed9,
"""Hayes, John (cni00091747)""",jhayes,hayes,10,y,https://printprobdb.psc.edu/api/character_groupings/f273df8b-950a-41aa-a401-1741e45e6477/download/,f273df8b-950a-41aa-a401-1741e45e6477,
"""Jones, Edward (fl. 1684-1705)""",ejones,,10,y,https://printprobdb.psc.edu/api/character_groupings/74d9cdbd-28f4-46ba-8a00-c96fa6566893/download/,74d9cdbd-28f4-46ba-8a00-c96fa6566893,
"""Larkin, George (cnp01340470)""",glarkin,glarkini,10,y,https://printprobdb.psc.edu/api/character_groupings/dffabcec-dc8f-4c84-806a-f78dc6dcab77/download/,dffabcec-dc8f-4c84-806a-f78dc6dcab77,
"""Ratcliffe, Thomas (BBTI: 56789)""",tratcliffe,ratcliffe,10,y,https://printprobdb.psc.edu/api/character_groupings/7fbfafa4-7ec6-4162-b136-7dbcc3862908/download/,7fbfafa4-7ec6-4162-b136-7dbcc3862908,
"""Richardson, John (1673-1703)""",jrichardson,,10,y,https://printprobdb.psc.edu/api/character_groupings/ad544734-db62-4d22-b119-d5271fb49937/download/,ad544734-db62-4d22-b119-d5271fb49937,
"""Everingham, Richard""",rieveringham,,10,y,https://printprobdb.psc.edu/api/character_groupings/e822db51-ff8d-40db-a201-8f4b70bb522a/download/,e822db51-ff8d-40db-a201-8f4b70bb522a,
"""Baldwin, Richard (cni00039898)""",rbaldwin,cni00039898,9,y,https://printprobdb.psc.edu/api/character_groupings/7ffacebb-01d5-46d3-9056-4c7f5468c1c1/download/,7ffacebb-01d5-46d3-9056-4c7f5468c1c1,
"""Braddyll, Thomas (cni00030486)""",tbraddyll,,9,y,https://printprobdb.psc.edu/api/character_groupings/479974b9-c890-4b0c-93f1-67d19bf25c7b/download/,479974b9-c890-4b0c-93f1-67d19bf25c7b,
"""Leake, John (cni00105771)""",jleake,,9,y,https://printprobdb.psc.edu/api/character_groupings/cd104c6d-dfa6-4e37-a7c4-e8d1e403d37c/download/,cd104c6d-dfa6-4e37-a7c4-e8d1e403d37c,
"""Roberts, Robert (cni00033906)""",rroberts,,9,y,https://printprobdb.psc.edu/api/character_groupings/26dde26f-bddd-4b87-a52f-8da1e15b350b/download/,26dde26f-bddd-4b87-a52f-8da1e15b350b,
"""Sowle, Andrew""",asowle,,9,y,https://printprobdb.psc.edu/api/character_groupings/99a428fc-6f99-41d0-9b49-2b96f796832f/download/,99a428fc-6f99-41d0-9b49-2b96f796832f,
"""Tyler, Evan (cni00007820)""",etyler,,9,y,https://printprobdb.psc.edu/api/character_groupings/1d49f402-f974-4fa3-b082-f43b3f993fa2/download/,1d49f402-f974-4fa3-b082-f43b3f993fa2,
"""Macock, John""",macock,,8,y,https://printprobdb.psc.edu/api/character_groupings/c075de77-e585-4bc1-8c52-0a7ee3290ce3/download/,c075de77-e585-4bc1-8c52-0a7ee3290ce3,
"""Maxwell, Anne (cni00100183)""",amaxwell,,8,y,https://printprobdb.psc.edu/api/character_groupings/0bbfbb03-56e9-4e09-923d-513deb2889d4/download/,0bbfbb03-56e9-4e09-923d-513deb2889d4,
"""Norton, Roger (cni00022421)""",norton,,8,y,https://printprobdb.psc.edu/api/character_groupings/aa9a837e-1b0f-4670-a78d-53a6a22f11c5/download/,aa9a837e-1b0f-4670-a78d-53a6a22f11c5,
"""Roycroft, Samuel (cni00027829)""",sroycroft,,8,y,https://printprobdb.psc.edu/api/character_groupings/e46d9fa4-0a26-45f9-8165-7de1fb65cf75/download/,e46d9fa4-0a26-45f9-8165-7de1fb65cf75,
"""Warren, Thomas (fl. 1693-1707?)""",twarreniii,twarreniii,8,y,https://printprobdb.psc.edu/api/character_groupings/abd621b0-7287-4220-b3bc-230ba2320af5/download/,abd621b0-7287-4220-b3bc-230ba2320af5,
"""Croom, George (cni00033744)""",gcroom,,7,y,https://printprobdb.psc.edu/api/character_groupings/a2e8bb75-30ab-48c3-a0d7-ee2cd46bcc4c/download/,a2e8bb75-30ab-48c3-a0d7-ee2cd46bcc4c,
"""Darby, John (cni00027943)""",jdarby,darby,7,y,https://printprobdb.psc.edu/api/character_groupings/bb68eb6f-9e62-4326-bc2c-0cfbc9264c5f/download/,bb68eb6f-9e62-4326-bc2c-0cfbc9264c5f,
"""Hodgkin, Thomas (cni00031322)""",thodgkin,"""Thomas Hodgkin"" on workbench",7,y,https://printprobdb.psc.edu/api/character_groupings/de560de3-94a1-4355-8e56-dfd945c6ecd5/download/,de560de3-94a1-4355-8e56-dfd945c6ecd5,
"""Mabb, Thomas (cni00010368)""",tmabb,,7,y,https://printprobdb.psc.edu/api/character_groupings/0d22a678-7b81-498a-9c5f-0d22f1cd0f06/download/,0d22a678-7b81-498a-9c5f-0d22f1cd0f06,
"""Simmons, Matthew""",simmons,,7,y,https://printprobdb.psc.edu/api/character_groupings/e48f9e24-c5e7-477f-bf73-72a539f6545e/download/,e48f9e24-c5e7-477f-bf73-72a539f6545e,
"""Collins, Freeman (cnp01334215)""",fcollins,,6,y,https://printprobdb.psc.edu/api/character_groupings/f23fb2a7-8996-4402-b04d-a6bf437385cf/download/,f23fb2a7-8996-4402-b04d-a6bf437385cf,
"""Daniel, Roger (cni00022251)""",rdaniel,,6,y,https://printprobdb.psc.edu/api/character_groupings/fd193b55-b438-4d0b-8507-18425e88a345/download/,fd193b55-b438-4d0b-8507-18425e88a345,
"""Hills, Henry, Sr. (cnp01338081)""",hhillssr,,6,y,https://printprobdb.psc.edu/api/character_groupings/09360a8c-bf6f-46a4-a3ff-4e72dfe8d847/download/,09360a8c-bf6f-46a4-a3ff-4e72dfe8d847,
"""Holt, Ralph (cni00026018)""",rholt,,6,y,https://printprobdb.psc.edu/api/character_groupings/b07e00cf-809f-42c0-a172-19fefefc4fb4/download/,b07e00cf-809f-42c0-a172-19fefefc4fb4,
"""James, Thomas (cni00030731)""",tjames,,6,y,https://printprobdb.psc.edu/api/character_groupings/5a053451-3dd1-44a9-bb09-2fb936597ffd/download/,5a053451-3dd1-44a9-bb09-2fb936597ffd,
"""Matthews, John""",jmatthews,,6,y,https://printprobdb.psc.edu/api/character_groupings/c29845ec-9ca9-41cb-8bbd-2f16911195e7/download/,c29845ec-9ca9-41cb-8bbd-2f16911195e7,
"""Rawlins, William (cni00034449)""",rawlins,"""W Rawlins"" in Workbench",6,y,https://printprobdb.psc.edu/api/character_groupings/020782f3-920d-4fed-8046-09de643c7378/download/,020782f3-920d-4fed-8046-09de643c7378,
"""Thompson, Mary (BBTI: 69144)""",mthompson,,6,y,https://printprobdb.psc.edu/api/character_groupings/3290eb29-c3f1-4df5-9a9e-506c5e9ff525/download/,3290eb29-c3f1-4df5-9a9e-506c5e9ff525,
"""White, Robert (cnp01950418)""",white,rwhite,6,y,https://printprobdb.psc.edu/api/character_groupings/a4ca6211-be6c-4a3a-9d9f-4ac8bdbdc7b8/download/,a4ca6211-be6c-4a3a-9d9f-4ac8bdbdc7b8,
"""Wilson, William (cni00022543)""",wilson,,6,y,https://printprobdb.psc.edu/api/character_groupings/659d607d-7d94-4bbc-a29b-5b65ce69375a/download/,659d607d-7d94-4bbc-a29b-5b65ce69375a,
"""Astwood, John""",jastwood,,5,y,https://printprobdb.psc.edu/api/character_groupings/703c6e63-3438-4654-8cc5-43d946e367b5/download/,703c6e63-3438-4654-8cc5-43d946e367b5,
"""Bell, Jane""",jbell,,5,y,https://printprobdb.psc.edu/api/character_groupings/9d59c7bd-55b8-4224-94f7-a349d7d79b15/download/,9d59c7bd-55b8-4224-94f7-a349d7d79b15,
"""Bringhurst, John (BBTI:9183)""",jbringh,,5,y,https://printprobdb.psc.edu/api/character_groupings/ff212791-89e1-4254-9f0c-24ae8ef62df4/download/,ff212791-89e1-4254-9f0c-24ae8ef62df4,
"""Clark, Henry (cnp00147029)""",hclark,,5,y,https://printprobdb.psc.edu/api/character_groupings/c08c75b0-6016-48ff-9f72-910745f40504/download/,c08c75b0-6016-48ff-9f72-910745f40504,
"""Dover, Simon""",sdover,,5,y,https://printprobdb.psc.edu/api/character_groupings/c8e8d123-dc52-48f5-96f9-5f656d4c648b/download/,c8e8d123-dc52-48f5-96f9-5f656d4c648b,
"""Godbid, William (cni00027703)""",wgodbid,,5,y,https://printprobdb.psc.edu/api/character_groupings/789fc0e9-0485-472f-b61b-d6301d588781/download/,789fc0e9-0485-472f-b61b-d6301d588781,
"""Griffin, Bennet (cni00034501)""",bgriffin,,5,y,https://printprobdb.psc.edu/api/character_groupings/c68be83a-ab96-4e66-839b-3b1e95a80c66/download/,c68be83a-ab96-4e66-839b-3b1e95a80c66,
"""Heptinstall, John""",jheptinstall,"""John Hepinstall"" in workbench",5,y,https://printprobdb.psc.edu/api/character_groupings/5a58dcd9-2a05-49a2-8393-8a137da70323/download/,5a58dcd9-2a05-49a2-8393-8a137da70323,
"""Leach, Francis""",fleachjr,,5,y,https://printprobdb.psc.edu/api/character_groupings/acccd4eb-cbaf-4054-9d4a-9d7b1b702436/download/,acccd4eb-cbaf-4054-9d4a-9d7b1b702436,
"""Leach, Thomas (cnp01953095)""",tleach,leach,5,y,https://printprobdb.psc.edu/api/character_groupings/d1e89ee9-01e6-48aa-bc5d-ac7e9a49f18a/download/,d1e89ee9-01e6-48aa-bc5d-ac7e9a49f18a,
"""Milbourn, Thomas (BBTI: 47182)""",tmilbourn,arrested 1686,5,y,https://printprobdb.psc.edu/api/character_groupings/ac3914dd-061c-4b44-a280-96bd3704197c/download/,ac3914dd-061c-4b44-a280-96bd3704197c,
"""Newcomb, Thomas (cni00050851)""",newcomb,,5,y,https://printprobdb.psc.edu/api/character_groupings/e1cebc86-6ccd-4109-9b42-3f829b3bd0e8/download/,e1cebc86-6ccd-4109-9b42-3f829b3bd0e8,
"""Playford, John""",jplayfordii,,5,y,https://printprobdb.psc.edu/api/character_groupings/ce59bc43-6cca-44e0-9b5a-61a311c6be0d/download/,ce59bc43-6cca-44e0-9b5a-61a311c6be0d,
"""Clark, Henry""",hclark,,5,y,https://printprobdb.psc.edu/api/character_groupings/c08c75b0-6016-48ff-9f72-910745f40504/download/,c08c75b0-6016-48ff-9f72-910745f40504,
"""Bennet, Joseph""",jbennet,,4,y,https://printprobdb.psc.edu/api/character_groupings/867a84a0-69f4-4537-9169-6c9736371eb5/download/,867a84a0-69f4-4537-9169-6c9736371eb5,
"""Cotes, Ellen""",ecotes,,4,y,https://printprobdb.psc.edu/api/character_groupings/a4c30e1b-89cb-48ae-9c90-6a4b261286a3/download/,a4c30e1b-89cb-48ae-9c90-6a4b261286a3,
"""Downing, William (bbti: 20783)""",wdowning,,4,y,https://printprobdb.psc.edu/api/character_groupings/868974f8-1cb5-429b-80dc-948d72cf1e70/download/,868974f8-1cb5-429b-80dc-948d72cf1e70,
"""Griffin, Sarah""",sgriffin,,4,y,https://printprobdb.psc.edu/api/character_groupings/f7454b65-366b-4301-a524-a43a3213dfea/download/,f7454b65-366b-4301-a524-a43a3213dfea,
"""Hills, Henry, Jr. (cnp01338085)""",hhillsjr,,4,y,https://printprobdb.psc.edu/api/character_groupings/2f1d500d-0439-4261-b3aa-5f323e5bc33b/download/,2f1d500d-0439-4261-b3aa-5f323e5bc33b,
"""Miller, Abraham (cni00022407)""",abemiller,,4,y,https://printprobdb.psc.edu/api/character_groupings/2f3c2e49-09ca-432b-a865-3f75ea8d26c1/download/,2f3c2e49-09ca-432b-a865-3f75ea8d26c1,
"""Newcomb, Thomas, Jr. (cni00071448)""",newcombjr,,4,y,https://printprobdb.psc.edu/api/character_groupings/ab4602de-98d8-43eb-898f-505fe5900232/download/,ab4602de-98d8-43eb-898f-505fe5900232,
"""Rawlins, James""",jrawlins,"""J. Rawlins"" in Workbench",4,y,https://printprobdb.psc.edu/api/character_groupings/897a62d7-a689-4086-8707-40876dc96d10/download/,897a62d7-a689-4086-8707-40876dc96d10,
"""Raworth, John""",jraworth,,4,y,https://printprobdb.psc.edu/api/character_groupings/1f3649bc-c1fb-4f7a-a1e3-f2dc3d15bda4/download/,1f3649bc-c1fb-4f7a-a1e3-f2dc3d15bda4,
"""Moxon, Joseph""",josephmoxon,,4,y,https://printprobdb.psc.edu/api/character_groupings/75581a6c-c7ee-42d8-bfdf-31febe5e0b7d/download/,75581a6c-c7ee-42d8-bfdf-31febe5e0b7d,
"""Mathewes, Augustine""",augmathewes,,4,y,https://printprobdb.psc.edu/api/character_groupings/4cfa1214-6975-4cf0-9eca-de882bf30375/download/,4cfa1214-6975-4cf0-9eca-de882bf30375,
"""Clark, Mary (cni00035338)""",mclark,,3,y,https://printprobdb.psc.edu/api/character_groupings/587af995-2918-4d0e-a991-ed7e0e00336f/download/,587af995-2918-4d0e-a991-ed7e0e00336f,
"""Coe, Andrew""",acoe,,3,y,https://printprobdb.psc.edu/api/character_groupings/46d25903-c35a-443d-b477-0865f50ef7c6/download/,46d25903-c35a-443d-b477-0865f50ef7c6,
"""Darby, John""",jdarbyii,1699-1707,3,y,https://printprobdb.psc.edu/api/character_groupings/aad1f38b-938c-431a-91e6-cd0e1cdbc338/download/,aad1f38b-938c-431a-91e6-cd0e1cdbc338,
"""Dawks, Ichabod (cni00033248)""",idawks,,3,y,https://printprobdb.psc.edu/api/character_groupings/56da2be1-3813-41e7-9ad0-c87371764236/download/,56da2be1-3813-41e7-9ad0-c87371764236,
"""Dawson, Gartrude (cni00008192)""",gdawson,,3,y,https://printprobdb.psc.edu/api/character_groupings/48473219-ec7d-4305-bc85-d407487f065f/download/,48473219-ec7d-4305-bc85-d407487f065f,
"""Grismond, John""",jgrismond,,3,y,https://printprobdb.psc.edu/api/character_groupings/c920ac1b-8867-4388-9d47-254a0369a76f/download/,c920ac1b-8867-4388-9d47-254a0369a76f,
"""Grover, James""",jgrover,,3,y,https://printprobdb.psc.edu/api/character_groupings/6a21a976-995a-4883-befd-2686a0d7812b/download/,6a21a976-995a-4883-befd-2686a0d7812b,
"""Hodgkinson, Richard (cni00047179)""",hodgkinson,rhodgkinson,3,y,https://printprobdb.psc.edu/api/character_groupings/7c6b013c-d32e-4bc4-9786-03fbc801e1bb/download/,7c6b013c-d32e-4bc4-9786-03fbc801e1bb,
"""Holt, Elizabeth""",eholt,,3,y,https://printprobdb.psc.edu/api/character_groupings/746eae92-7ea4-473a-8f00-ed39c58b58fd/download/,746eae92-7ea4-473a-8f00-ed39c58b58fd,
"""Ibbitson, Robert (cni00085328)""",ribbitson,,3,y,https://printprobdb.psc.edu/api/character_groupings/6ab32210-d433-4467-8985-1d725dfc0856/download/,6ab32210-d433-4467-8985-1d725dfc0856,
"""Ilive, Thomas (cni00026617)""",ilive,,3,y,https://printprobdb.psc.edu/api/character_groupings/efab7a13-8ffd-4b9e-be9c-550994164dda/download/,efab7a13-8ffd-4b9e-be9c-550994164dda,
"""Lilliecrap, Peter""",plillicrap,,3,y,https://printprobdb.psc.edu/api/character_groupings/98a2bbf4-91f4-4de1-bc32-6a46080f8442/download/,98a2bbf4-91f4-4de1-bc32-6a46080f8442,
"""Raworth, Ruth""",rraworth,,3,y,https://printprobdb.psc.edu/api/character_groupings/d3f56797-5eef-4fd2-a533-11f22a651dc0/download/,d3f56797-5eef-4fd2-a533-11f22a651dc0,
"""Ray, Joseph""",jray,,3,y,https://printprobdb.psc.edu/api/character_groupings/af82654c-654e-4505-9e06-5e1dcbe4abd1/download/,af82654c-654e-4505-9e06-5e1dcbe4abd1,
"""Redmayne, John""",jredmayneii,,3,y,https://printprobdb.psc.edu/api/character_groupings/88f95acc-18df-4e91-ae61-45ea0e448686/download/,88f95acc-18df-4e91-ae61-45ea0e448686,
"""Redmayne, William (cnp00046668)""",wredmayne,,3,y,https://printprobdb.psc.edu/api/character_groupings/74b809ee-9447-435e-983d-9b804f0c7cc4/download/,74b809ee-9447-435e-983d-9b804f0c7cc4,
"""Thompson, Nathaniel (cni00039136)""",nthompson,,3,y,https://printprobdb.psc.edu/api/character_groupings/3290eb29-c3f1-4df5-9a9e-506c5e9ff525/download/,3290eb29-c3f1-4df5-9a9e-506c5e9ff525,
"""Tookey, Robert""",rtookey,,3,y,https://printprobdb.psc.edu/api/character_groupings/62283a74-f84f-4964-b1d4-f30fb14c103a/download/,62283a74-f84f-4964-b1d4-f30fb14c103a,
"""Wallis, John""",jwallis,,3,y,https://printprobdb.psc.edu/api/character_groupings/7dac1119-26ff-4bfa-9fb9-5b4ca93ea91a/download/,7dac1119-26ff-4bfa-9fb9-5b4ca93ea91a,
"""Wilde, William""",wwilde,,3,y,https://printprobdb.psc.edu/api/character_groupings/e87e24eb-ac5f-4f63-91be-d565118a41ba/download/,e87e24eb-ac5f-4f63-91be-d565118a41ba,
"""Hearne,  Richard""",hearne,,3,y,https://printprobdb.psc.edu/api/character_groupings/7f549696-036e-4619-a3e7-f22a07126905/download/,7f549696-036e-4619-a3e7-f22a07126905,
"""Dover, Joan""",joandover,,3,y,https://printprobdb.psc.edu/api/character_groupings/c8e8d123-dc52-48f5-96f9-5f656d4c648b/download/,c8e8d123-dc52-48f5-96f9-5f656d4c648b,
"""Martyn, John""",jmartyn,,3,y,https://printprobdb.psc.edu/api/character_groupings/640d52b4-f36e-45fd-8c57-14ad4074bf96/download/,640d52b4-f36e-45fd-8c57-14ad4074bf96,
"""Field, John (cni00077061)""",field,,2,y,https://printprobdb.psc.edu/api/character_groupings/cf530521-9c2b-468e-a870-01648460780e/download/,cf530521-9c2b-468e-a870-01648460780e,
"""Best, John (cnp01137269)""",jbest,,2,y,https://printprobdb.psc.edu/api/character_groupings/f2cc193e-da6f-4660-a248-f0bec35de601/download/,f2cc193e-da6f-4660-a248-f0bec35de601,
"""Bradford, John""",jbradford,,2,y,https://printprobdb.psc.edu/api/character_groupings/c36e3ea0-8c78-4f7b-9af1-265acafed052/download/,c36e3ea0-8c78-4f7b-9af1-265acafed052,
"""Bridge, Samuel""",bridge,,2,y,https://printprobdb.psc.edu/api/character_groupings/40bcdebb-e934-49a5-8a66-1ae77011c9ef/download/,40bcdebb-e934-49a5-8a66-1ae77011c9ef,
"""Brudenell, John""",jbrudenelljr,,2,y,https://printprobdb.psc.edu/api/character_groupings/734336e0-5408-4693-baba-4ffe1b0e7e36/download/,734336e0-5408-4693-baba-4ffe1b0e7e36,
"""Cadwell, John (fl. 1659-1662)""",jcadwell,,2,y,https://printprobdb.psc.edu/api/character_groupings/f58f4639-ab63-427b-8dcb-887cdadc301e/download/,f58f4639-ab63-427b-8dcb-887cdadc301e,
"""Clowes, John (cni00015021)""",jclowes,,2,y,https://printprobdb.psc.edu/api/character_groupings/d025cc02-b4ae-4863-9a6b-3736a30670b8/download/,d025cc02-b4ae-4863-9a6b-3736a30670b8,
"""Crouch, Edward (cni00097661)""",ecrouch,,2,y,https://printprobdb.psc.edu/api/character_groupings/7ca15048-7310-4ac9-b8c4-28560a4ae0e6/download/,7ca15048-7310-4ac9-b8c4-28560a4ae0e6,
"""Eld, George""",geld,,2,y,,#N/A,
"""Flesher, Miles (the younger)""",mflesher,post-1678,2,y,,#N/A,
"""Johnson, Thomas (cni00030731)""",tjohnson,,2,y,https://printprobdb.psc.edu/api/character_groupings/9d07da75-f347-4555-8348-0129cf6723c6/download/,9d07da75-f347-4555-8348-0129cf6723c6,
"""Maxwell, David (cni00048206)""",dmaxwell,,2,y,https://printprobdb.psc.edu/api/character_groupings/b97cf614-3c17-4093-b732-80d4ec73c0fd/download/,b97cf614-3c17-4093-b732-80d4ec73c0fd,
"""Millet, John (fl. 1683-1692)""",jmillet,,2,y,https://printprobdb.psc.edu/api/character_groupings/6f9d13a0-fedb-44af-9a6e-7c6a22ff88eb/download/,6f9d13a0-fedb-44af-9a6e-7c6a22ff88eb,
"""Motte, Benjamin (cni00030072)""",benmottei,1691 book is Motte I; 1719 book is Motte II ,2,y,https://printprobdb.psc.edu/api/character_groupings/4983afda-e4e8-40e0-b645-c78198990116/download/,4983afda-e4e8-40e0-b645-c78198990116,
"""Orme, James (cni00029912)""",jorme,,2,y,https://printprobdb.psc.edu/api/character_groupings/03f1d7e7-d032-404a-9900-5f2a6724e6be/download/,03f1d7e7-d032-404a-9900-5f2a6724e6be,
"""Roycroft, Thomas (cni00008718)""",troycroft,,2,y,https://printprobdb.psc.edu/api/character_groupings/6c1fccec-c826-466e-b027-952cb610552f/download/,6c1fccec-c826-466e-b027-952cb610552f,
"""Snowden, Thomas""",tsnowden,,2,y,https://printprobdb.psc.edu/api/character_groupings/c4b053f3-1a9a-4bcb-bb1a-10a140c2f6c0/download/,c4b053f3-1a9a-4bcb-bb1a-10a140c2f6c0,
"""Streater, John""",jstreater,,2,y,https://printprobdb.psc.edu/api/character_groupings/e81b526c-36c8-40d4-90a3-5b5c476db9b2/download/,e81b526c-36c8-40d4-90a3-5b5c476db9b2,
"""Tooke, Benjamin (cni00090344)""",btooke,,2,y,https://printprobdb.psc.edu/api/character_groupings/8da4f54d-0ef6-46da-90cc-0e715d4c23f7/download/,8da4f54d-0ef6-46da-90cc-0e715d4c23f7,
"""Twyn, John""",twyn,,2,y,https://printprobdb.psc.edu/api/character_groupings/3deec9b1-da90-40ad-a029-81e6a93395cb/download/,3deec9b1-da90-40ad-a029-81e6a93395cb,
"""Warren, Alice (cni00031637)""",awarren,warren,2,y,https://printprobdb.psc.edu/api/character_groupings/c06bd7ad-c90a-4c71-9d88-e0c9dc4920e5/download/,c06bd7ad-c90a-4c71-9d88-e0c9dc4920e5,
"""Winter, John (cnp00140259)""",jwinter,,2,y,https://printprobdb.psc.edu/api/character_groupings/c3c5b6fe-9d71-4644-a104-e1b952f0d954/download/,c3c5b6fe-9d71-4644-a104-e1b952f0d954,
"""Wood, Ralph""",rawood,,2,y,https://printprobdb.psc.edu/api/character_groupings/dfd1963c-cb89-4cf7-88c9-fd271bf96824/download/,dfd1963c-cb89-4cf7-88c9-fd271bf96824,
"""Wood, Robert (cni00027406)""",rowood,,2,y,https://printprobdb.psc.edu/api/character_groupings/5694a679-cea0-4809-8d50-a317978cce18/download/,5694a679-cea0-4809-8d50-a317978cce18,
"""Bridge, Samuel""",sbridge,,2,y,https://printprobdb.psc.edu/api/character_groupings/40bcdebb-e934-49a5-8a66-1ae77011c9ef/download/,40bcdebb-e934-49a5-8a66-1ae77011c9ef,
"""Clowes, John""",johnclowes,,2,y,https://printprobdb.psc.edu/api/character_groupings/d025cc02-b4ae-4863-9a6b-3736a30670b8/download/,d025cc02-b4ae-4863-9a6b-3736a30670b8,
"""Harper, Thomas""",tharper,,2,y,https://printprobdb.psc.edu/api/character_groupings/c9c56487-479b-4d79-852b-64f574c41dff/download/,c9c56487-479b-4d79-852b-64f574c41dff,
"""Flesher, Miles (cni00007238)""",mfleshersr,pre-1665,2,y,https://printprobdb.psc.edu/api/character_groupings/8c46a663-a77a-400c-89e4-0d78314da4f3/download/,8c46a663-a77a-400c-89e4-0d78314da4f3,
"""Astwood, James""",jamesastwood,,1,y,https://printprobdb.psc.edu/api/character_groupings/703c6e63-3438-4654-8cc5-43d946e367b5/download/,703c6e63-3438-4654-8cc5-43d946e367b5,
"""Battersby, Robert (BBTI: 4729)""",rbatters,,1,y,https://printprobdb.psc.edu/api/character_groupings/4750d29e-7a18-4983-9eaa-f6ce769d5f85/download/,4750d29e-7a18-4983-9eaa-f6ce769d5f85,
"""Bill, John (cni00097651)""",jbill,,1,y,https://printprobdb.psc.edu/api/character_groupings/3d1d79ba-3327-4917-b8e5-de7922569a2e/download/,3d1d79ba-3327-4917-b8e5-de7922569a2e,
"""Bonny, William""",wbonny,,1,y,https://printprobdb.psc.edu/api/character_groupings/276f726b-5f81-4a79-b5e1-e6073112896d/download/,276f726b-5f81-4a79-b5e1-e6073112896d,
"""Bowyer, William (cni00039228)""",wbowyer,,1,y,https://printprobdb.psc.edu/api/character_groupings/826010bd-3031-4412-ad1e-cbb9ffadc57b/download/,826010bd-3031-4412-ad1e-cbb9ffadc57b,
"""Browne, Samuel""",sbrowne,,1,y,https://printprobdb.psc.edu/api/character_groupings/6aa04c23-cd89-43b8-a29d-d18e47b808c5/download/,6aa04c23-cd89-43b8-a29d-d18e47b808c5,
"""Clark, Andrew (cni00033908)""",aclark,,1,y,https://printprobdb.psc.edu/api/character_groupings/d5727029-4eb4-4f8e-83d6-76935278fb58/download/,d5727029-4eb4-4f8e-83d6-76935278fb58,
"""Clark, Francis""",fclark,,1,y,https://printprobdb.psc.edu/api/character_groupings/68f36508-3e92-48ff-97ea-3dec4edc4c3c/download/,68f36508-3e92-48ff-97ea-3dec4edc4c3c,
"""Coe, Jane (cni00015001)""",jcoe,,1,y,https://printprobdb.psc.edu/api/character_groupings/34872820-6266-441b-b852-76fe55206b06/download/,34872820-6266-441b-b852-76fe55206b06,Not run yet
"""Davis, Walter""",davis,"All ""printed/sold by"" on ESTC",1,y,https://printprobdb.psc.edu/api/character_groupings/7f7416bb-f94a-4602-80bb-a1f59bceb040/download/,7f7416bb-f94a-4602-80bb-a1f59bceb040,
"""Dawks, Thomas""",tdawksjr,"""Thomas Dawks"" on workbench",1,y,https://printprobdb.psc.edu/api/character_groupings/ef3a3efb-5834-4b8a-9721-65bc29768b55/download/,ef3a3efb-5834-4b8a-9721-65bc29768b55,
"""Dover, James""",jdover,,1,y,https://printprobdb.psc.edu/api/character_groupings/4305886e-5016-4caf-8b3e-99e505aa389d/download/,4305886e-5016-4caf-8b3e-99e505aa389d,
"""Dugard, William""",wdugard,,1,y,https://printprobdb.psc.edu/api/character_groupings/99c28cfb-e79a-45e7-b998-dc480275e067/download/,99c28cfb-e79a-45e7-b998-dc480275e067,
"""Edwards, David""",edwards,,1,y,https://printprobdb.psc.edu/api/character_groupings/b94f487e-7068-44da-a78c-4a56f6e85bd8/download/,b94f487e-7068-44da-a78c-4a56f6e85bd8,
"""Flesher, Elizabeth""",eflesher,,1,y,https://printprobdb.psc.edu/api/character_groupings/289e1850-8066-4584-b80f-7f3f8f6b2417/download/,289e1850-8066-4584-b80f-7f3f8f6b2417,
"""Flesher, James (cni00080218)""",jflesher,,1,y,https://printprobdb.psc.edu/api/character_groupings/20e8ae6c-4b01-43ed-a398-b6e78db94649/download/,20e8ae6c-4b01-43ed-a398-b6e78db94649,
"""Godbid, Arther""",arthergodbid,Prints with J. Playford. ,1,y,https://printprobdb.psc.edu/api/character_groupings/7149e3f2-c6fe-4fe7-b1d0-3a83d004b172/download/,7149e3f2-c6fe-4fe7-b1d0-3a83d004b172,
"""Golding, Edward""",golding,1 on ESTC,1,y,https://printprobdb.psc.edu/api/character_groupings/5189e1b4-b734-4fb2-8fd8-b31b140f1fdf/download/,5189e1b4-b734-4fb2-8fd8-b31b140f1fdf,
"""Grantham, John""",grantham,,1,y,https://printprobdb.psc.edu/api/character_groupings/9361d90a-b975-4ded-9ae1-7f92ba655752/download/,9361d90a-b975-4ded-9ae1-7f92ba655752,
"""Grover, Ann""",agrover,,1,y,https://printprobdb.psc.edu/api/character_groupings/c6c12f75-a775-4df2-aab3-b334a32cbc8e/download/,c6c12f75-a775-4df2-aab3-b334a32cbc8e,
"""Harefinch, John""",jharefinch,,1,y,https://printprobdb.psc.edu/api/character_groupings/da94cc60-9f95-45b5-95fb-ff73bf9a670c/download/,da94cc60-9f95-45b5-95fb-ff73bf9a670c,
"""Harris, Benjamin (cnp00359324)""",bharris,All ESTC texts outside of date range on 241 spreadsheet -- cross-check accurate date range,1,y,https://printprobdb.psc.edu/api/character_groupings/082cefc4-9b4d-40d3-afa3-ae71ff2db36d/download/,082cefc4-9b4d-40d3-afa3-ae71ff2db36d,
"""Horton, Edward""",ehorton,,1,y,https://printprobdb.psc.edu/api/character_groupings/db02164a-881d-4cda-8843-6819b2f17e1c/download/,db02164a-881d-4cda-8843-6819b2f17e1c,
"""Horton, William""",whorton,,1,y,https://printprobdb.psc.edu/api/character_groupings/590c99cc-667e-4e6d-9644-f6fdeddaab5d/download/,590c99cc-667e-4e6d-9644-f6fdeddaab5d,
"""Humphreys, John""",humphreys,(Second book awaiting upload),1,y,https://printprobdb.psc.edu/api/character_groupings/4c4d0b53-e39c-4489-84da-7aa8889a549f/download/,4c4d0b53-e39c-4489-84da-7aa8889a549f,
"""Hunt, William (cni00035055)""",whunt,,1,y,https://printprobdb.psc.edu/api/character_groupings/cc66a611-30d4-4e55-a0b8-f6b16fa6b517/download/,cc66a611-30d4-4e55-a0b8-f6b16fa6b517,
"""Inman, Matthew""",minman,,1,y,https://printprobdb.psc.edu/api/character_groupings/64a99383-8806-4ef8-a88f-6ad7a5a8a33b/download/,64a99383-8806-4ef8-a88f-6ad7a5a8a33b,
"""Leybourne, Robert""",rleybourne,one set for W and R Leybourne on workbench,1,y,https://printprobdb.psc.edu/api/character_groupings/acf82061-14cb-4a4c-b55b-ff2082296a9c/download/,acf82061-14cb-4a4c-b55b-ff2082296a9c,
"""Leybourne, William""",wleybourne,one set for W and R Leybourne on workbench,1,y,https://printprobdb.psc.edu/api/character_groupings/acf82061-14cb-4a4c-b55b-ff2082296a9c/download/,acf82061-14cb-4a4c-b55b-ff2082296a9c,
"""Lock, John""",jlock,,1,y,https://printprobdb.psc.edu/api/character_groupings/ded2271f-4df0-47c1-8c75-c5c009d808ab/download/,ded2271f-4df0-47c1-8c75-c5c009d808ab,
"""Lock, Thomas""",tlock,,1,y,https://printprobdb.psc.edu/api/character_groupings/22364781-8679-4d0a-bce1-c3fb3c6b23a0/download/,22364781-8679-4d0a-bce1-c3fb3c6b23a0,
"""Mallet, David""",dmallet,,1,y,https://printprobdb.psc.edu/api/character_groupings/f687f5de-eff4-4ab5-8a74-890fdbef99c6/download/,f687f5de-eff4-4ab5-8a74-890fdbef99c6,
"""Mallet, Elizabeth (cnp00057918)""",emallet,,1,y,https://printprobdb.psc.edu/api/character_groupings/2196e840-4a3c-4d3c-96ec-7e192ad6ac71/download/,2196e840-4a3c-4d3c-96ec-7e192ad6ac71,
"""Maxey, Anne""",maxey,,1,y,https://printprobdb.psc.edu/api/character_groupings/3a72c1e4-a104-4563-b0b6-43d20966086c/download/,3a72c1e4-a104-4563-b0b6-43d20966086c,
"""Mayos, John""",jmayo,,1,y,https://printprobdb.psc.edu/api/character_groupings/f6214ee1-4869-4b1d-9d7f-c51b9d8e120f/download/,f6214ee1-4869-4b1d-9d7f-c51b9d8e120f,
"""Milbourn, Alexander""",amilbourn,,1,y,https://printprobdb.psc.edu/api/character_groupings/2d98714b-4b98-486b-8e86-2b4ee3133977/download/,2d98714b-4b98-486b-8e86-2b4ee3133977,
"""Miller, George""",gmiller,,1,y,https://printprobdb.psc.edu/api/character_groupings/a4506771-4669-4fab-9dec-3a17015ed87b/download/,a4506771-4669-4fab-9dec-3a17015ed87b,
"""Moxon, James""",jmoxon,jomoxon,1,y,https://printprobdb.psc.edu/api/character_groupings/2ad3d974-e511-4f41-bf61-d86b657e668e/download/,2ad3d974-e511-4f41-bf61-d86b657e668e,
"""Nutt, John (cnp01333250)""",jnutt,,1,y,https://printprobdb.psc.edu/api/character_groupings/78b73e94-6814-4d93-aabc-3dbeb033a6ae/download/,78b73e94-6814-4d93-aabc-3dbeb033a6ae,
"""Onley, William""",wonley,,1,y,https://printprobdb.psc.edu/api/character_groupings/5fca95ee-7d01-4d2c-a0a6-feb1872de582/download/,5fca95ee-7d01-4d2c-a0a6-feb1872de582,
"""Oulton, Richard""",roulton,oulton,1,y,https://printprobdb.psc.edu/api/character_groupings/a10f5530-7b6b-4805-9587-9db2e62880f0/download/,a10f5530-7b6b-4805-9587-9db2e62880f0,
"""Simmons, Mary""",marysimmons,,1,y,https://printprobdb.psc.edu/api/character_groupings/47ab32f3-2fe9-4b48-921b-25046a3f82a4/download/,47ab32f3-2fe9-4b48-921b-25046a3f82a4,
"""Simmons, Samuel""",ssimmons,,1,y,https://printprobdb.psc.edu/api/character_groupings/2daa1555-5d73-4abc-9834-e96e999c5124/download/,2daa1555-5d73-4abc-9834-e96e999c5124,
"""Sowle, Jane""",jsowle,(Printed for/sold by on ESTC),1,y,https://printprobdb.psc.edu/api/character_groupings/cea4e9cb-8d71-4203-b24a-5f992b294db0/download/,cea4e9cb-8d71-4203-b24a-5f992b294db0,
"""White, Barnard""",bwhite,,1,y,https://printprobdb.psc.edu/api/character_groupings/aa5d916e-24ef-49af-bb6b-cb8142da659a/download/,aa5d916e-24ef-49af-bb6b-cb8142da659a,
"""Wilde, Richard (cni00103295)""",rwilde,,1,y,https://printprobdb.psc.edu/api/character_groupings/d56ccafa-e4a1-4629-897b-c59c8a515a12/download/,d56ccafa-e4a1-4629-897b-c59c8a515a12,
"""Hoeve, Justam ab""",hoeve,(Not on 241 list + no additional texts on ESTC),1,y,https://printprobdb.psc.edu/api/character_groupings/2f191bda-b58a-4f22-b973-dfa89a2bca45/download/,2f191bda-b58a-4f22-b973-dfa89a2bca45,
"""Creake, Thomas""",tcreake,,1,y,https://printprobdb.psc.edu/api/character_groupings/61eedaca-4b4e-4076-9cdb-384f9dc6dc7c/download/,61eedaca-4b4e-4076-9cdb-384f9dc6dc7c,
"""White, Margaret""",mwhite,,1,y,https://printprobdb.psc.edu/api/character_groupings/22ddbbb4-6897-4cea-b660-cd756c382ab5/download/,22ddbbb4-6897-4cea-b660-cd756c382ab5,
"""Howell, Nathaniel""",nhowell,(Only one text on ESTC),1,y,https://printprobdb.psc.edu/api/character_groupings/2dd3653e-a0c5-4570-8b55-31cb02fdb2aa/download/,2dd3653e-a0c5-4570-8b55-31cb02fdb2aa,
"""Okes, John""",jokes,,1,y,https://printprobdb.psc.edu/api/character_groupings/53ddd0e3-b5b2-4094-aa10-83a94b892d36/download/,53ddd0e3-b5b2-4094-aa10-83a94b892d36,
"""Hales, Thomas""",thales,(All outside 241 date range on ESTC),1,y,https://printprobdb.psc.edu/api/character_groupings/2653be7b-01db-4731-860f-1feafca2818d/download/,2653be7b-01db-4731-860f-1feafca2818d,
"""Clark, Benjamin (cni00014712)""",bclark,(All printed/sold by on ESTC),1,y,https://printprobdb.psc.edu/api/character_groupings/92732d66-b678-4465-9cd7-a158c2e62b00/download/,92732d66-b678-4465-9cd7-a158c2e62b00,
"""Cottrell, James (cni00030441)""",cotterell,,2,y,https://printprobdb.psc.edu/api/character_groupings/f1f7b303-5450-4b1c-90b2-0f49789a70b7/download/,f1f7b303-5450-4b1c-90b2-0f49789a70b7,
"""Dawks, Thomas (cni00034111)""",tdawks,(All outside 241 date range on ESTC),2,y,https://printprobdb.psc.edu/api/character_groupings/ef3a3efb-5834-4b8a-9721-65bc29768b55/download/,ef3a3efb-5834-4b8a-9721-65bc29768b55,
"""Miles, Elizabeth""",emiles,(No additional texts located on ESTC),1,y,https://printprobdb.psc.edu/api/character_groupings/2fcdf66b-e0ac-4988-a17d-62f0f80226bf/download/,2fcdf66b-e0ac-4988-a17d-62f0f80226bf,
"""Redmayne, Elizabeth""",eredmayne,,2,y,https://printprobdb.psc.edu/api/character_groupings/99464645-73e3-4367-a05a-475775fe72b5/download/,99464645-73e3-4367-a05a-475775fe72b5,
"""Taylor, John""",jtaylor,,1,y,https://printprobdb.psc.edu/api/character_groupings/ed3fc16e-7956-4ade-9a6e-3e79ff9f78c6/download/,ed3fc16e-7956-4ade-9a6e-3e79ff9f78c6,